country,region,league_name,source_url,official_url,official_link_label,active_platform,active_url,scrape_status,current_season_name,current_divisions,seasons_available,notes
England,Avon,Bath Table Tennis League,https://www.tabletennisengland.co.uk/leagues/,https://bath.ttleagues.com,Website,ttleagues,https://bath.ttleagues.com,ready,Bath & District League 2024-25,4,11,Verified against the live TT Leagues competitions and divisions APIs.
England,Avon,Bristol Table Tennis League,https://www.tabletennisengland.co.uk/leagues/,https://bristol.ttleagues.com,Secondary Website,ttleagues,https://bristol.ttleagues.com,ready,Senior Winter 2025-26,7,10,Verified against the live TT Leagues competitions and divisions APIs via the secondary website link.
England,Bedfordshire,Bedford Table Tennis League,https://www.tabletennisengland.co.uk/leagues/,https://bedford.ttleagues.com,Website,ttleagues,https://bedford.ttleagues.com,ready,Winter Season 2025-26,4,6,Verified against the live TT Leagues competitions and divisions APIs.
England,Bedfordshire,Luton Table Tennis League,https://www.tabletennisengland.co.uk/leagues/,https://www.tabletennis365.com/luton,Website,tt365,https://www.tabletennis365.com/luton,ready,Luton TTL 2025-26,1,8,Verified against the live TT365 tables and archive pages.
England,Berkshire,Bracknell and Wokingham Table Tennis League,https://www.tabletennisengland.co.uk/leagues/,https://www.tabletennis365.com/bracknellandwokingham,Website,tt365,https://www.tabletennis365.com/bracknellandwokingham,ready,Season 2025-2026,3,7,Verified against the live TT365 tables and archive pages.
England,Berkshire,Maidenhead Table Tennis League,https://www.tabletennisengland.co.uk/leagues/,https://maidenhead.ttleagues.com,Website,ttleagues,https://maidenhead.ttleagues.com,ready,Maidenhead Table Tennis League 2019 - 2020,3,10,Verified against the live TT Leagues competitions and divisions APIs.
England,Berkshire,Newbury Table Tennis League,https://www.tabletennisengland.co.uk/leagues/,https://newbury.ttleagues.com,Website,ttleagues,https://newbury.ttleagues.com,ready,Winter League 2025/26,3,19,Verified against the live TT Leagues competitions and divisions APIs.
England,Berkshire,Reading & District Table Tennis Association,https://www.tabletennisengland.co.uk/leagues/,https://www.tabletennis365.com/reading,Website,tt365,https://www.tabletennis365.com/reading,ready,Senior 2025-26,4,7,Verified against the live TT365 tables and archive pages.
England,Buckinghamshire,Aylesbury Table Tennis League,https://www.tabletennisengland.co.uk/leagues/,https://aylesbury.ttleagues.com,Website,ttleagues,https://aylesbury.ttleagues.com,ready,Aylesbury Winter League 2025_2026,5,12,Verified against the live TT Leagues competitions and divisions APIs.
England,Buckinghamshire,Chalfonts Table Tennis League,https://www.tabletennisengland.co.uk/leagues/,https://chalfonts.ttleagues.com,Website,ttleagues,https://chalfonts.ttleagues.com,ready,Winter 2025-26,2,8,Verified against the live TT Leagues competitions and divisions APIs.
England,Buckinghamshire,Chiltern Table Tennis League,https://www.tabletennisengland.co.uk/leagues/,https://chiltern.ttleagues.com,Website,ttleagues,https://chiltern.ttleagues.com,ready,Chiltern League 2023-24,2,11,Verified against the live TT Leagues competitions and divisions APIs.
England,Buckinghamshire,High Wycombe Table Tennis League,https://www.tabletennisengland.co.uk/leagues/,https://highwycombe.ttleagues.com,Website,ttleagues,https://highwycombe.ttleagues.com,ready,High Wycombe & District Table Tennis League 2021-22,4,11,Verified against the live TT Leagues competitions and divisions APIs.
England,Buckinghamshire,Milton Keynes Table Tennis League,https://www.tabletennisengland.co.uk/leagues/,https://www.mkttl.co.uk,Website,custom,https://www.mkttl.co.uk,unsupported_platform,,,,Official link points to a custom website rather than TT365 or TT Leagues.
England,Cambridgeshire,Cambridge Table Tennis League,https://www.tabletennisengland.co.uk/leagues/,https://cambridge.ttleagues.com,Website,ttleagues,https://cambridge.ttleagues.com,ready,Cambridge Winter League 2022/2023,4,11,Verified against the live TT Leagues competitions and divisions APIs.
England,Cambridgeshire,Ely & District Table Tennis League,https://www.tabletennisengland.co.uk/leagues/,https://elydistrict.ttleagues.com,Website,ttleagues,https://elydistrict.ttleagues.com,ready,Ely & District League 2019-2020,3,11,Verified against the live TT Leagues competitions and divisions APIs.
England,Cambridgeshire,Peterborough Table Tennis League,https://www.tabletennisengland.co.uk/leagues/,https://peterborough.ttleagues.com,Website,ttleagues,https://peterborough.ttleagues.com,ready,Winter 2019-20,4,11,Verified against the live TT Leagues competitions and divisions APIs.
England,Cheshire,Chester and Ellesmere Port Table Tennis League,https://www.tabletennisengland.co.uk/leagues/,https://chesterandellesmereport.ttleagues.com,Website,ttleagues,https://chesterandellesmereport.ttleagues.com,ready,Chester & EP 2025-26 Season,4,7,Verified against the live TT Leagues competitions and divisions APIs.
England,Cheshire,Crewe Table Tennis League,https://www.tabletennisengland.co.uk/leagues/,https://crewe.ttleagues.com,Website,ttleagues,https://crewe.ttleagues.com,ready,2023-24 Open Prelim Rounds,8,26,Verified against the live TT Leagues competitions and divisions APIs.
England,Cheshire,Glossop Table Tennis League,https://www.tabletennisengland.co.uk/leagues/,https://glossop.ttleagues.com,Website,ttleagues,https://glossop.ttleagues.com,ready,Glossop & District TT League 2025/26,3,12,Verified against the live TT Leagues competitions and divisions APIs.
England,Cheshire,Halton Table Tennis League,https://www.tabletennisengland.co.uk/leagues/,https://halton.ttleagues.com,Website,ttleagues,https://halton.ttleagues.com,ready,Halton Winter League 2022,2,5,Verified against the live TT Leagues competitions and divisions APIs.
England,Cheshire,Mid-Cheshire Table Tennis League,https://www.tabletennisengland.co.uk/leagues/,https://midcheshire.ttleagues.com,Website,ttleagues,https://midcheshire.ttleagues.com,ready,Mid-Cheshire League 2025-26,2,8,Verified against the live TT Leagues competitions and divisions APIs.
England,Cheshire,Trafford Table Tennis League,https://www.tabletennisengland.co.uk/leagues/,https://trafford.ttleagues.com,Website,ttleagues,https://trafford.ttleagues.com,ready,Winter 2025-26,3,12,Verified against the live TT Leagues competitions and divisions APIs.
England,Cheshire,Wilmslow Table Tennis League,https://www.tabletennisengland.co.uk/leagues/,https://wilmslow.ttleagues.com,Website,ttleagues,https://wilmslow.ttleagues.com,ready,Divisional Doubles 2025-26,3,15,Verified against the live TT Leagues competitions and divisions APIs.
England,Cheshire,Wirral Table Tennis League,https://www.tabletennisengland.co.uk/leagues/,https://wirral.ttleagues.com,Website,ttleagues,https://wirral.ttleagues.com,ready,Wirral TT League 2025-26,3,8,Verified against the live TT Leagues competitions and divisions APIs.
England,Cheshire|Lancashire,Lancashire And Cheshire Table Tennis League,https://www.tabletennisengland.co.uk/leagues/,https://lancashireandcheshire.ttleagues.com,Website,ttleagues,https://lancashireandcheshire.ttleagues.com,ready,Lancs & Cheshire Open Age 2022 - 23,3,36,Verified against the live TT Leagues competitions and divisions APIs.
England,Cleveland,Cleveland Table Tennis League,https://www.tabletennisengland.co.uk/leagues/,https://cleveland.ttleagues.com,Website,ttleagues,https://cleveland.ttleagues.com,ready,Cleveland Table Tennis League 2025,1,7,Verified against the live TT Leagues competitions and divisions APIs.
England,Cleveland,Hartlepool Table Tennis League,https://www.tabletennisengland.co.uk/leagues/,https://hartlepool.ttleagues.com,Website,ttleagues,https://hartlepool.ttleagues.com,inactive_or_unverified,,,,Website: No active TT Leagues competitions were found
England,Cleveland,Middlesbrough Table Tennis League,https://www.tabletennisengland.co.uk/leagues/,https://middlesbrough.ttleagues.com,Website,ttleagues,https://middlesbrough.ttleagues.com,ready,Middlesbrough TT League 2019/20,3,10,Verified against the live TT Leagues competitions and divisions APIs.
England,Cleveland,Stockton Table Tennis League,https://www.tabletennisengland.co.uk/leagues/,https://stockton.ttleagues.com,Website,ttleagues,https://stockton.ttleagues.com,ready,stockton winter 25 26,3,11,Verified against the live TT Leagues competitions and divisions APIs.
England,Cornwall,North Cornwall Table Tennis League,https://www.tabletennisengland.co.uk/leagues/,https://www.tabletennis365.com/northcornwall,Website,tt365,https://www.tabletennis365.com/northcornwall,ready,Winter 2024-25 Division 3,2,8,Verified against the live TT365 tables and archive pages.
England,Cornwall,West Cornwall Table Tennis League,https://www.tabletennisengland.co.uk/leagues/,https://westcornwall.ttleagues.com,Website,ttleagues,https://westcornwall.ttleagues.com,ready,Winter 2025/26,4,12,Verified against the live TT Leagues competitions and divisions APIs.
England,Cumbria,Barrow Table Tennis League,https://www.tabletennisengland.co.uk/leagues/,https://barrow.ttleagues.com,Website,ttleagues,https://barrow.ttleagues.com,ready,Barrow & District Table Tennis League,2,1,Verified against the live TT Leagues competitions and divisions APIs.
England,Cumbria,Kendal Table Tennis League,https://www.tabletennisengland.co.uk/leagues/,https://www.tabletennis365.com/Kendal,Website,tt365,https://www.tabletennis365.com/Kendal,inactive_or_unverified,,,,Website: No current TT365 divisions were found | Contact: No current TT365 divisions were found
England,Derbyshire,Chesterfield Table Tennis League,https://www.tabletennisengland.co.uk/leagues/,https://chesterfield.ttleagues.com,Website,ttleagues,https://chesterfield.ttleagues.com,ready,Chesterfield League,4,6,Verified against the live TT Leagues competitions and divisions APIs.
England,Derbyshire,Derby & District Table Tennis Association,https://www.tabletennisengland.co.uk/leagues/,https://derbydistrict.ttleagues.com,Website,ttleagues,https://derbydistrict.ttleagues.com,ready,2025 / 26,4,9,Verified against the live TT Leagues competitions and divisions APIs.
England,Derbyshire,Matlock Table Tennis League,https://www.tabletennisengland.co.uk/leagues/,https://matlock.ttleagues.com,Website,ttleagues,https://matlock.ttleagues.com,ready,Matlock Winter League 2025-26,2,11,Verified against the live TT Leagues competitions and divisions APIs.
England,Devonshire,Exeter Table Tennis League,https://www.tabletennisengland.co.uk/leagues/,https://exeter.ttleagues.com,Website,ttleagues,https://exeter.ttleagues.com,ready,Exeter & District TTL Autumn 2021,4,13,Verified against the live TT Leagues competitions and divisions APIs.
England,Devonshire,North Devon Table Tennis League,https://www.tabletennisengland.co.uk/leagues/,https://northdevon.ttleagues.com,Website,ttleagues,https://northdevon.ttleagues.com,inactive_or_unverified,,,,Website: No active TT Leagues competitions were found
England,Devonshire,Plymouth Table Tennis League,https://www.tabletennisengland.co.uk/leagues/,https://plymouth.ttleagues.com,Website,ttleagues,https://plymouth.ttleagues.com,inactive_or_unverified,,,,Website: No active TT Leagues competitions were found
England,Devonshire,South Devon and Torbay Table Tennis League,https://www.tabletennisengland.co.uk/leagues/,https://southdevonandtorbay.ttleagues.com,Website,ttleagues,https://southdevonandtorbay.ttleagues.com,ready,Winter League 2025-26,4,11,Verified against the live TT Leagues competitions and divisions APIs.
England,Dorset,Blackmore Vale Table Tennis League,https://www.tabletennisengland.co.uk/leagues/,https://blackmorevale.ttleagues.com,Website,ttleagues,https://blackmorevale.ttleagues.com,ready,BVTTL 2025-26,2,3,Verified against the live TT Leagues competitions and divisions APIs.
England,Dorset,Bournemouth Table Tennis League,https://www.tabletennisengland.co.uk/leagues/,https://www.bdtta.org.uk,Website,custom,https://www.bdtta.org.uk,unsupported_platform,,,,Official link points to a custom website rather than TT365 or TT Leagues.
England,Dorset,Weymouth Table Tennis League,https://www.tabletennisengland.co.uk/leagues/,https://weymouth.ttleagues.com,Website,ttleagues,https://weymouth.ttleagues.com,ready,Weymouth & District Winter 2025/26 2nd Half,3,11,Verified against the live TT Leagues competitions and divisions APIs.
England,Dorset,Wimborne Table Tennis League,https://www.tabletennisengland.co.uk/leagues/,https://www.wdttl.co.uk/index.php,Website,custom,https://www.wdttl.co.uk/index.php,unsupported_platform,,,,Official link points to a custom website rather than TT365 or TT Leagues.
England,Durham,Darlington Table Tennis League,https://www.tabletennisengland.co.uk/leagues/,https://darlington.ttleagues.com,Website,ttleagues,https://darlington.ttleagues.com,ready,Darlington Table Tennis league ,2,12,Verified against the live TT Leagues competitions and divisions APIs.
England,Durham,Sunderland Table Tennis League,https://www.tabletennisengland.co.uk/leagues/,https://www.tabletennis365.com/Sunderland,Website,tt365,https://www.tabletennis365.com/Sunderland,ready,Winter - 24-25,3,7,Verified against the live TT365 tables and archive pages.
England,Essex,Basildon Table Tennis League,https://www.tabletennisengland.co.uk/leagues/,https://www.tabletennis365.com/Basildon,Website,tt365,https://www.tabletennis365.com/Basildon,ready,Winter 2025-26,2,7,Verified against the live TT365 tables and archive pages.
England,Essex,Becontree Table Tennis League,https://www.tabletennisengland.co.uk/leagues/,https://becontree.ttleagues.com,Website,ttleagues,https://becontree.ttleagues.com,ready,2023/24 Junior Individual Group Stage,6,22,Verified against the live TT Leagues competitions and divisions APIs.
England,Essex,Braintree Table Tennis League,https://www.tabletennisengland.co.uk/leagues/,https://braintree.ttleagues.com,Website,ttleagues,https://braintree.ttleagues.com,ready,Winter 2020,4,14,Verified against the live TT Leagues competitions and divisions APIs.
England,Essex,Brentwood Table Tennis League,https://www.tabletennisengland.co.uk/leagues/,https://brentwood.ttleagues.com,Website,ttleagues,https://brentwood.ttleagues.com,ready,Brentwood Table Tennis League,1,1,Verified against the live TT Leagues competitions and divisions APIs.
England,Essex,Burnham Table Tennis League,https://www.tabletennisengland.co.uk/leagues/,https://www.tabletennis365.com/Burnham,Website,tt365,https://www.tabletennis365.com/Burnham,ready,Winter 2025-26,3,7,Verified against the live TT365 tables and archive pages.
England,Essex,Central Essex Summer League,https://www.tabletennisengland.co.uk/leagues/,https://www.tabletennis365.com/centralessex,Website,tt365,https://www.tabletennis365.com/centralessex,ready,Summer League 2025,6,7,Verified against the live TT365 tables and archive pages.
England,Essex,Chelmsford Table Tennis League,https://www.tabletennisengland.co.uk/leagues/,https://www.tabletennis365.com/Chelmsford,Website,tt365,https://www.tabletennis365.com/Chelmsford,ready,Winter 2024-25,8,7,Verified against the live TT365 tables and archive pages.
England,Essex,Clacton & District Table Tennis League,https://www.tabletennisengland.co.uk/leagues/,https://clactondistrict.ttleagues.com,Website,ttleagues,https://clactondistrict.ttleagues.com,ready,Clacton Winter 2025/2026,3,12,Verified against the live TT Leagues competitions and divisions APIs.
England,Essex,Colchester Table Tennis League,https://www.tabletennisengland.co.uk/leagues/,https://colchester.ttleagues.com,Website,ttleagues,https://colchester.ttleagues.com,ready,CDTTL 2025-2026,5,11,Verified against the live TT Leagues competitions and divisions APIs.
England,Essex,Harlow Table Tennis League,https://www.tabletennisengland.co.uk/leagues/,https://harlow.ttleagues.com,Website,ttleagues,https://harlow.ttleagues.com,ready,Winter 2019-20,3,11,Verified against the live TT Leagues competitions and divisions APIs.
England,Essex,Romford Table Tennis League,https://www.tabletennisengland.co.uk/leagues/,https://romford.ttleagues.com,Website,ttleagues,https://romford.ttleagues.com,ready,Romford & District Table Tennis League 2025/26,4,13,Verified against the live TT Leagues competitions and divisions APIs.
England,Essex,Southend Table Tennis League,https://www.tabletennisengland.co.uk/leagues/,https://southend.ttleagues.com,Website,ttleagues,https://southend.ttleagues.com,inactive_or_unverified,,,,Website: No active TT Leagues competitions were found
England,Essex,Waltham Forest Table Tennis League,https://www.tabletennisengland.co.uk/leagues/,https://walthamforest.ttleagues.com,Website,ttleagues,https://walthamforest.ttleagues.com,ready,1st Division,1,1,Verified against the live TT Leagues competitions and divisions APIs.
England,Essex,West Essex Table Tennis League,https://www.tabletennisengland.co.uk/leagues/,https://www.tabletennis365.com/westessex,Website,tt365,https://www.tabletennis365.com/westessex,inactive_or_unverified,,,,Website: No current TT365 divisions were found
England,Gloucestershire,Cheltenham Table Tennis Association,https://www.tabletennisengland.co.uk/leagues/,https://cheltenham.ttleagues.com,Website,ttleagues,https://cheltenham.ttleagues.com,ready,Cheltenham Winter League 2025-26 Round 2,4,20,Verified against the live TT Leagues competitions and divisions APIs.
England,Gloucestershire,Cirencester Table Tennis League,https://www.tabletennisengland.co.uk/leagues/,https://cirencester.ttleagues.com,Website,ttleagues,https://cirencester.ttleagues.com,ready,Cirencester Table Tennis League,3,18,Verified against the live TT Leagues competitions and divisions APIs.
England,Gloucestershire,Gloucester Table Tennis League,https://www.tabletennisengland.co.uk/leagues/,https://gloucester.ttleagues.com,Website,ttleagues,https://gloucester.ttleagues.com,ready,Gloucester Table Tennis League 2025/26,3,8,Verified against the live TT Leagues competitions and divisions APIs.
England,Gloucestershire,Stroud Table Tennis League,https://www.tabletennisengland.co.uk/leagues/,https://stroud.ttleagues.com,Website,ttleagues,https://stroud.ttleagues.com,ready,Stroud Winter League 2025-26,4,11,Verified against the live TT Leagues competitions and divisions APIs.
England,Hampshire,Aldershot Table Tennis League,https://www.tabletennisengland.co.uk/leagues/,http://www.adttl.co.uk,Website,custom,http://www.adttl.co.uk,unsupported_platform,,,,Official link points to a custom website rather than TT365 or TT Leagues.
England,Hampshire,Andover Table Tennis League,https://www.tabletennisengland.co.uk/leagues/,https://andover.ttleagues.com,Website,ttleagues,https://andover.ttleagues.com,ready,Andover Table Tennis League 2025/2026,2,9,Verified against the live TT Leagues competitions and divisions APIs.
England,Hampshire,Basingstoke Table Tennis League,https://www.tabletennisengland.co.uk/leagues/,http://www.basingstokett.co.uk,Website,custom,http://www.basingstokett.co.uk,unsupported_platform,,,,Official link points to a custom website rather than TT365 or TT Leagues.
England,Hampshire,Gosport and Fareham Table Tennis League,https://www.tabletennisengland.co.uk/leagues/,https://gosportandfareham.ttleagues.com,Website,ttleagues,https://gosportandfareham.ttleagues.com,ready,Gosport and Fareham Table Tennis League 2025-26,2,10,Verified against the live TT Leagues competitions and divisions APIs.
England,Hampshire,Portsmouth Table Tennis League,https://www.tabletennisengland.co.uk/leagues/,https://portsmouth.ttleagues.com,Website,ttleagues,https://portsmouth.ttleagues.com,ready,Winter 2025/26,4,11,Verified against the live TT Leagues competitions and divisions APIs.
England,Hampshire,South East Hampshire Table Tennis League,https://www.tabletennisengland.co.uk/leagues/,https://southeasthampshire.ttleagues.com,Website,ttleagues,https://southeasthampshire.ttleagues.com,ready,South East Hants Summer League 2025,4,7,Verified against the live TT Leagues competitions and divisions APIs.
England,Hampshire,Southampton Table Tennis League,https://www.tabletennisengland.co.uk/leagues/,http://www.stta.co.uk,Website,custom,http://www.stta.co.uk,unsupported_platform,,,,Official link points to a custom website rather than TT365 or TT Leagues.
England,Hampshire,Winchester Table Tennis League,https://www.tabletennisengland.co.uk/leagues/,https://winchester.ttleagues.com,Website,ttleagues,https://winchester.ttleagues.com,ready,Winchester League 2025/26,2,8,Verified against the live TT Leagues competitions and divisions APIs.
England,Herefordshire,Hereford Table Tennis League,https://www.tabletennisengland.co.uk/leagues/,https://hereford.ttleagues.com,Website,ttleagues,https://hereford.ttleagues.com,ready,Hereford League 2025-2026,2,13,Verified against the live TT Leagues competitions and divisions APIs.
England,Hertfordshire,Barnets Table Tennis League,https://www.tabletennisengland.co.uk/leagues/,https://www.tabletennis365.com/barnets,Website,tt365,https://www.tabletennis365.com/barnets,ready,Winter 2025-26,4,7,Verified against the live TT365 tables and archive pages.
England,Hertfordshire,Hemel Hempstead Table Tennis League,https://www.tabletennisengland.co.uk/leagues/,https://www.tabletennis365.com/hemelhempstead,Website,tt365,https://www.tabletennis365.com/hemelhempstead,ready,Winter 2025-26,3,7,Verified against the live TT365 tables and archive pages.
England,Hertfordshire,Hertford Table Tennis League,https://www.tabletennisengland.co.uk/leagues/,http://www.hertsttl.org.uk,Website,custom,http://www.hertsttl.org.uk,unsupported_platform,,,,Official link points to a custom website rather than TT365 or TT Leagues.
England,Hertfordshire,North Herts Table Tennis League,https://www.tabletennisengland.co.uk/leagues/,https://www.tabletennis365.com/northherts,Website,tt365,https://www.tabletennis365.com/northherts,ready,Winter 2025-6,4,7,Verified against the live TT365 tables and archive pages.
England,Hertfordshire,"St Albans, Hatfield & Welwyn Table Tennis League",https://www.tabletennisengland.co.uk/leagues/,https://shaw.ttleagues.com,Website,ttleagues,https://shaw.ttleagues.com,ready,Winter 2019/20,5,11,Verified against the live TT Leagues competitions and divisions APIs.
England,Hertfordshire,Watford Table Tennis League,https://www.tabletennisengland.co.uk/leagues/,https://watford.ttleagues.com,Website,ttleagues,https://watford.ttleagues.com,ready,Watford Winter league 2019-20,4,1,Verified against the live TT Leagues competitions and divisions APIs.
England,Isle of Wight,Isle of Wight Table Tennis League,https://www.tabletennisengland.co.uk/leagues/,https://www.tabletennis365.com/isleofwight,Website,tt365,https://www.tabletennis365.com/isleofwight,ready,Winter League 2025-6,3,8,Verified against the live TT365 tables and archive pages.
England,Kent,Ashford Table Tennis League,https://www.tabletennisengland.co.uk/leagues/,https://ashford.ttleagues.com,Website,ttleagues,https://ashford.ttleagues.com,ready,2020-2021 Winter League Part A,4,38,Verified against the live TT Leagues competitions and divisions APIs.
England,Kent,Bromley Table Tennis League,https://www.tabletennisengland.co.uk/leagues/,https://www.tabletennis365.com/bromley,Website,tt365,https://www.tabletennis365.com/bromley,ready,Winter 2025-2026,3,7,Verified against the live TT365 tables and archive pages.
England,Kent,Canterbury Table Tennis League,https://www.tabletennisengland.co.uk/leagues/,http://www.canterburytt.co.uk,Website,custom,http://www.canterburytt.co.uk,unsupported_platform,,,,Official link points to a custom website rather than TT365 or TT Leagues.
England,Kent,Dover Table Tennis League,https://www.tabletennisengland.co.uk/leagues/,https://dover.ttleagues.com,Website,ttleagues,https://dover.ttleagues.com,inactive_or_unverified,,,,Website: No active TT Leagues competitions were found
England,Kent,Folkestone Table Tennis League,https://www.tabletennisengland.co.uk/leagues/,https://folkestone.ttleagues.com,Website,ttleagues,https://folkestone.ttleagues.com,ready,Doubles 2025_26,3,7,Verified against the live TT Leagues competitions and divisions APIs.
England,Kent,Gravesend Table Tennis League,https://www.tabletennisengland.co.uk/leagues/,https://gravesend.ttleagues.com,Website,ttleagues,https://gravesend.ttleagues.com,ready,Gravesend 202526,2,9,Verified against the live TT Leagues competitions and divisions APIs.
England,Kent,Isle of Thanet Table Tennis League,https://www.tabletennisengland.co.uk/leagues/,https://isleofthanet.ttleagues.com,Website,ttleagues,https://isleofthanet.ttleagues.com,ready,Closed Tournament 2026 - Open Singles Groups,12,64,Verified against the live TT Leagues competitions and divisions APIs.
England,Kent,Maidstone Table Tennis Association,https://www.tabletennisengland.co.uk/leagues/,https://www.tabletennis365.com/Maidstone,Website,tt365,https://www.tabletennis365.com/Maidstone,ready,Allen Cooper 25-26,4,8,Verified against the live TT365 tables and archive pages.
England,Kent,Medway Towns Table Tennis League,https://www.tabletennisengland.co.uk/leagues/,https://medwaytowns.ttleagues.com,Website,ttleagues,https://medwaytowns.ttleagues.com,ready,Charles Stampe 2025-26 Group Stage,8,4,Verified against the live TT Leagues competitions and divisions APIs.
England,Kent,North West Kent Table Tennis League,https://www.tabletennisengland.co.uk/leagues/,https://www.tabletennis365.com/northwestkent,Website,tt365,https://www.tabletennis365.com/northwestkent,ready,Winter League 2025-2026,3,7,Verified against the live TT365 tables and archive pages.
England,Kent,Sevenoaks Table Tennis League,https://www.tabletennisengland.co.uk/leagues/,https://sevenoaks.ttleagues.com,Website,ttleagues,https://sevenoaks.ttleagues.com,ready,Sevenoaks Table Tennis League 2022-2023,7,22,Verified against the live TT Leagues competitions and divisions APIs.
England,Kent,Sittingbourne Table Tennis League,https://www.tabletennisengland.co.uk/leagues/,https://sittingbourne.ttleagues.com,Website,ttleagues,https://sittingbourne.ttleagues.com,ready,SDTTA 2021/2022,4,15,Verified against the live TT Leagues competitions and divisions APIs.
England,Kent,West Kent Table Tennis Association,https://www.tabletennisengland.co.uk/leagues/,https://westkent.ttleagues.com,Website,ttleagues,https://westkent.ttleagues.com,ready,Winter 2025,3,12,Verified against the live TT Leagues competitions and divisions APIs.
England,Lancashire,Blackpool Table Tennis League,https://www.tabletennisengland.co.uk/leagues/,https://blackpool.ttleagues.com,Website,ttleagues,https://blackpool.ttleagues.com,ready,Winter League 2025-26,3,14,Verified against the live TT Leagues competitions and divisions APIs.
England,Lancashire,Bolton Table Tennis League,https://www.tabletennisengland.co.uk/leagues/,https://bolton.ttleagues.com,Website,ttleagues,https://bolton.ttleagues.com,ready,Bolton League 2025/26,4,12,Verified against the live TT Leagues competitions and divisions APIs.
England,Lancashire,Bury Table Tennis League,https://www.tabletennisengland.co.uk/leagues/,https://www.tabletennis365.com/bury,Website,tt365,https://www.tabletennis365.com/bury,ready,Winter League 2025-26,3,7,Verified against the live TT365 tables and archive pages.
England,Lancashire,East Lancashire Table Tennis League,https://www.tabletennisengland.co.uk/leagues/,http://eastlancstt.org.uk,Website,custom,http://eastlancstt.org.uk,unsupported_platform,,,,Official link points to a custom website rather than TT365 or TT Leagues.
England,Lancashire,Lancaster and Morecambe Table Tennis League,https://www.tabletennisengland.co.uk/leagues/,https://www.tabletennis365.com/lancaster,Website,tt365,https://www.tabletennis365.com/lancaster,ready,Winter 2025-26,2,7,Verified against the live TT365 tables and archive pages.
England,Lancashire,Liverpool Junior Table Tennis League,https://www.tabletennisengland.co.uk/leagues/,,,unknown,,no_public_results_url,,,,No public results URL was published by the governing body source.
England,Lancashire,Liverpool Table Tennis League,https://www.tabletennisengland.co.uk/leagues/,https://liverpool.ttleagues.com,Website,ttleagues,https://liverpool.ttleagues.com,ready,LIVERPOOLWINTER LEAGUE 2025-26,5,15,Verified against the live TT Leagues competitions and divisions APIs.
England,Lancashire,Lytham St Annes Table Tennis League,https://www.tabletennisengland.co.uk/leagues/,https://lythamstannes.ttleagues.com,Website,ttleagues,https://lythamstannes.ttleagues.com,ready,Lytham Winter League 2025-26,1,11,Verified against the live TT Leagues competitions and divisions APIs.
England,Lancashire,Manchester Table Tennis League,https://www.tabletennisengland.co.uk/leagues/,https://manchester.ttleagues.com,Website,ttleagues,https://manchester.ttleagues.com,ready,Manchester Winter League 2025-2026,2,9,Verified against the live TT Leagues competitions and divisions APIs.
England,Lancashire,Oldham Table Tennis League,https://www.tabletennisengland.co.uk/leagues/,https://www.tabletennis365.com/Oldham,Website,tt365,https://www.tabletennis365.com/Oldham,ready,Winter 2025-2026,3,7,Verified against the live TT365 tables and archive pages.
England,Lancashire,Preston Table Tennis League,https://www.tabletennisengland.co.uk/leagues/,https://preston.ttleagues.com,Website,ttleagues,https://preston.ttleagues.com,ready,Winter League 2025-26,3,27,Verified against the live TT Leagues competitions and divisions APIs.
England,Lancashire,Southport Table Tennis League,https://www.tabletennisengland.co.uk/leagues/,https://southport.ttleagues.com,Website,ttleagues,https://southport.ttleagues.com,ready,WINTER 2021-22,4,10,Verified against the live TT Leagues competitions and divisions APIs.
England,Lancashire,Warrington Table Tennis League,https://www.tabletennisengland.co.uk/leagues/,https://warrington.ttleagues.com,Website,ttleagues,https://warrington.ttleagues.com,ready,2ND HALF 2019-20,3,12,Verified against the live TT Leagues competitions and divisions APIs.
England,Lancashire,Wigan Table Tennis League,https://www.tabletennisengland.co.uk/leagues/,https://www.tabletennis365.com/wigan,Website,tt365,https://www.tabletennis365.com/wigan,inactive_or_unverified,,,,Website: No current TT365 divisions were found
England,Leicestershire,Hinckley Table Tennis League,https://www.tabletennisengland.co.uk/leagues/,https://hinckley.ttleagues.com,Website,ttleagues,https://hinckley.ttleagues.com,ready,Mini League 25-26,4,18,Verified against the live TT Leagues competitions and divisions APIs.
England,Leicestershire,Leicester Table Tennis League,https://www.tabletennisengland.co.uk/leagues/,https://leicester.ttleagues.com,Website,ttleagues,https://leicester.ttleagues.com,ready,Leicester and District Table Tennis League 2025-26,5,12,Verified against the live TT Leagues competitions and divisions APIs.
England,Leicestershire,Loughborough Table Tennis League,https://www.tabletennisengland.co.uk/leagues/,https://loughborough.ttleagues.com,Website,ttleagues,https://loughborough.ttleagues.com,ready,Loughborough 2025-2026,4,11,Verified against the live TT Leagues competitions and divisions APIs.
England,Lincolnshire,Boston Table Tennis League,https://www.tabletennisengland.co.uk/leagues/,https://boston.ttleagues.com,Website,ttleagues,https://boston.ttleagues.com,ready,Boston & District Table-Tennis League 2025/2026,2,8,Verified against the live TT Leagues competitions and divisions APIs.
England,Lincolnshire,Gainsborough Table Tennis League,https://www.tabletennisengland.co.uk/leagues/,https://www.tabletennis365.com/gainsborough,Website,tt365,https://www.tabletennis365.com/gainsborough,ready,Winter 2019-20,1,7,Verified against the live TT365 tables and archive pages.
England,Lincolnshire,Grantham Table Tennis League,https://www.tabletennisengland.co.uk/leagues/,https://grantham.ttleagues.com,Website,ttleagues,https://grantham.ttleagues.com,ready,G&DTTL 2022,3,25,Verified against the live TT Leagues competitions and divisions APIs.
England,Lincolnshire,Grimsby and Cleethorpes Table Tennis League,https://www.tabletennisengland.co.uk/leagues/,https://grimsbyandcleethorpes.ttleagues.com,Website,ttleagues,https://grimsbyandcleethorpes.ttleagues.com,ready,2024-25,4,8,Verified against the live TT Leagues competitions and divisions APIs.
England,Lincolnshire,Lincoln Table Tennis League,https://www.tabletennisengland.co.uk/leagues/,https://lincoln.ttleagues.com,Website,ttleagues,https://lincoln.ttleagues.com,ready,DIVISION THREE 25/26,1,11,Verified against the live TT Leagues competitions and divisions APIs.
England,Lincolnshire,Scunthorpe Table Tennis League,https://www.tabletennisengland.co.uk/leagues/,http://www.scunthorpetabletennis.co.uk/new,Website,custom,http://www.scunthorpetabletennis.co.uk/new,unsupported_platform,,,,Official link points to a custom website rather than TT365 or TT Leagues.
England,Lincolnshire,Spalding Table Tennis League,https://www.tabletennisengland.co.uk/leagues/,https://spalding.ttleagues.com,Website,ttleagues,https://spalding.ttleagues.com,ready,Winter 2019/20,1,1,Verified against the live TT Leagues competitions and divisions APIs.
England,Lincolnshire,Stamford and Rutland Table Tennis League,https://www.tabletennisengland.co.uk/leagues/,https://stamfordandrutland.ttleagues.com,Website,ttleagues,https://stamfordandrutland.ttleagues.com,ready,2025/26 League,3,19,Verified against the live TT Leagues competitions and divisions APIs.
England,London and Middlesex,Central London Table Tennis League,https://www.tabletennisengland.co.uk/leagues/,https://centrallondon.ttleagues.com,Website,ttleagues,https://centrallondon.ttleagues.com,ready,CLTTL 19-20,7,1,Verified against the live TT Leagues competitions and divisions APIs.
England,London and Middlesex,London Banks and Civil Service Table Tennis League,https://www.tabletennisengland.co.uk/leagues/,https://www.tabletennis365.com/LondonBanksAndCivilService,Website,tt365,https://www.tabletennis365.com/LondonBanksAndCivilService,ready,Winter Season 25-26,3,8,Verified against the live TT365 tables and archive pages.
England,London and Middlesex,North Middlesex Table Tennis League,https://www.tabletennisengland.co.uk/leagues/,https://www.tabletennis365.com/northmiddlesex,Website,tt365,https://www.tabletennis365.com/northmiddlesex,ready,Winter 2025-2026,3,7,Verified against the live TT365 tables and archive pages.
England,London and Middlesex,South and West Middlesex Table Tennis League,https://www.tabletennisengland.co.uk/leagues/,https://southandwestmiddlesex.ttleagues.com,Website,ttleagues,https://southandwestmiddlesex.ttleagues.com,ready,S&W MIDDX 2025/26,2,10,Verified against the live TT Leagues competitions and divisions APIs.
England,London and Middlesex,Staines Table Tennis League,https://www.tabletennisengland.co.uk/leagues/,https://staines.ttleagues.com,Website,ttleagues,https://staines.ttleagues.com,ready,Staines and District League 2025/26,3,10,Verified against the live TT Leagues competitions and divisions APIs.
England,London and Middlesex,Wembley and Harrow Table Tennis League,https://www.tabletennisengland.co.uk/leagues/,https://www.tabletennis365.com/WembleyAndHarrow,Website,tt365,https://www.tabletennis365.com/WembleyAndHarrow,ready,Winter 2024-25,8,7,Verified against the live TT365 tables and archive pages.
England,Non-County,Midland Table Tennis League,https://www.tabletennisengland.co.uk/leagues/,https://midland.ttleagues.com,Website,ttleagues,https://midland.ttleagues.com,ready,Midland League 2025-26,3,6,Verified against the live TT Leagues competitions and divisions APIs.
England,Norfolk,Dereham Table Tennis League,https://www.tabletennisengland.co.uk/leagues/,https://dereham.ttleagues.com,Website,ttleagues,https://dereham.ttleagues.com,ready,Divisional Cups 2025-26,3,11,Verified against the live TT Leagues competitions and divisions APIs.
England,Norfolk,Diss Table Tennis League,https://www.tabletennisengland.co.uk/leagues/,https://www.tabletennis365.com/Diss,Website,tt365,https://www.tabletennis365.com/Diss,ready,Winter 25-26,2,7,Verified against the live TT365 tables and archive pages.
England,Norfolk,Fakenham & District Table Tennis League,https://www.tabletennisengland.co.uk/leagues/,https://fakenhamdistrict.ttleagues.com,Website,ttleagues,https://fakenhamdistrict.ttleagues.com,ready,Fakenham and District Table Tennis League,1,1,Verified against the live TT Leagues competitions and divisions APIs.
England,Norfolk,Great Yarmouth Table Tennis League,https://www.tabletennisengland.co.uk/leagues/,https://greatyarmouth.ttleagues.com,Website,ttleagues,https://greatyarmouth.ttleagues.com,ready,Great Yarmouth Doubles League 2025-26,2,8,Verified against the live TT Leagues competitions and divisions APIs.
England,Norfolk,Heacham Table Tennis League,https://www.tabletennisengland.co.uk/leagues/,http://www.malc-on-line.co.uk/tabletennis.htm,Website,custom,http://www.malc-on-line.co.uk/tabletennis.htm,unsupported_platform,,,,Official link points to a custom website rather than TT365 or TT Leagues.
England,Norfolk,North Norfolk Table Tennis League,https://www.tabletennisengland.co.uk/leagues/,https://northnorfolk.ttleagues.com,Website,ttleagues,https://northnorfolk.ttleagues.com,ready,North Norfolk Handicap 2025/26,4,10,Verified against the live TT Leagues competitions and divisions APIs.
England,Norfolk,Norwich Table Tennis League,https://www.tabletennisengland.co.uk/leagues/,https://norwich.ttleagues.com,Website,ttleagues,https://norwich.ttleagues.com,ready,Norwich League 2025-2026 - Divisional Cups,6,49,Verified against the live TT Leagues competitions and divisions APIs.
England,Norfolk,South Norfolk Table Tennis League,https://www.tabletennisengland.co.uk/leagues/,https://www.facebook.com/pages/category/Sports-League/South-Norfolk-Table-Tennis-League-2216514978591475,Website,custom,https://www.facebook.com/pages/category/Sports-League/South-Norfolk-Table-Tennis-League-2216514978591475,unsupported_platform,,,,Official link points to a custom website rather than TT365 or TT Leagues.
England,Norfolk,Wisbech Table Tennis League,https://www.tabletennisengland.co.uk/leagues/,https://wisbech.ttleagues.com,Website,ttleagues,https://wisbech.ttleagues.com,inactive_or_unverified,,,,Website: No active TT Leagues competitions were found
England,Norfolk,Wymondham Table Tennis League,https://www.tabletennisengland.co.uk/leagues/,https://wymondham.ttleagues.com,Website,ttleagues,https://wymondham.ttleagues.com,ready,2025/26 Winter League,2,3,Verified against the live TT Leagues competitions and divisions APIs.
England,Northamptonshire,Daventry Table Tennis League,https://www.tabletennisengland.co.uk/leagues/,https://daventry.ttleagues.com,Website,ttleagues,https://daventry.ttleagues.com,ready,Spring 2024,2,21,Verified against the live TT Leagues competitions and divisions APIs.
England,Northamptonshire,Kettering Table Tennis League,https://www.tabletennisengland.co.uk/leagues/,https://kettering.ttleagues.com,Website,ttleagues,https://kettering.ttleagues.com,ready,K&DTTL 2021-2022,5,15,Verified against the live TT Leagues competitions and divisions APIs.
England,Northamptonshire,Northampton Table Tennis League,https://www.tabletennisengland.co.uk/leagues/,https://northampton.ttleagues.com,Website,ttleagues,https://northampton.ttleagues.com,ready,NTTL Winter 2025 - 2026,3,11,Verified against the live TT Leagues competitions and divisions APIs.
England,Northamptonshire,Towcester Table Tennis League,https://www.tabletennisengland.co.uk/leagues/,https://towcester.ttleagues.com,Website,ttleagues,https://towcester.ttleagues.com,ready,2024-25 Winter League,3,11,Verified against the live TT Leagues competitions and divisions APIs.
England,Northamptonshire,Wellingborough Table Tennis League,https://www.tabletennisengland.co.uk/leagues/,https://wellingborough.ttleagues.com,Website,ttleagues,https://wellingborough.ttleagues.com,ready,2025-26 Season,2,11,Verified against the live TT Leagues competitions and divisions APIs.
England,Northumberland,Northumbria Table Tennis League,https://www.tabletennisengland.co.uk/leagues/,https://northumbria.ttleagues.com,Website,ttleagues,https://northumbria.ttleagues.com,ready,Summer League 2025,4,6,Verified against the live TT Leagues competitions and divisions APIs.
England,Nottinghamshire,Mansfield Table Tennis League,https://www.tabletennisengland.co.uk/leagues/,https://mansfield.ttleagues.com,Website,ttleagues,https://mansfield.ttleagues.com,ready,Mansfield and District Table Tennis League 25-26,2,11,Verified against the live TT Leagues competitions and divisions APIs.
England,Nottinghamshire,Nottingham Table Tennis League,https://www.tabletennisengland.co.uk/leagues/,https://nottingham.ttleagues.com,Website,ttleagues,https://nottingham.ttleagues.com,ready,Winter League 23/24,4,18,Verified against the live TT Leagues competitions and divisions APIs.
England,Nottinghamshire,Retford Table Tennis League,https://www.tabletennisengland.co.uk/leagues/,https://retford.ttleagues.com,Website,ttleagues,https://retford.ttleagues.com,ready,Retford League 2025/2026,1,11,Verified against the live TT Leagues competitions and divisions APIs.
England,Nottinghamshire,Table Tennis Nottingham,https://www.tabletennisengland.co.uk/leagues/,https://nottingham.ttleagues.com,Website,ttleagues,https://nottingham.ttleagues.com,ready,Winter League 23/24,4,18,Verified against the live TT Leagues competitions and divisions APIs.
England,Nottinghamshire,Worksop Table Tennis League,https://www.tabletennisengland.co.uk/leagues/,http://www.worksoptabletennisleague.com,Website,custom,http://www.worksoptabletennisleague.com,unsupported_platform,,,,Official link points to a custom website rather than TT365 or TT Leagues.
England,Oxfordshire,Banbury Table Tennis League,https://www.tabletennisengland.co.uk/leagues/,https://banbury.ttleagues.com,Website,ttleagues,https://banbury.ttleagues.com,ready,end of season competition,4,16,Verified against the live TT Leagues competitions and divisions APIs.
England,Oxfordshire,Didcot Table Tennis League,https://www.tabletennisengland.co.uk/leagues/,https://didcot.ttleagues.com,Website,ttleagues,https://didcot.ttleagues.com,ready,Didcot Winter League 2025-26,3,7,Verified against the live TT Leagues competitions and divisions APIs.
England,Oxfordshire,Oxford Table Tennis League,https://www.tabletennisengland.co.uk/leagues/,https://oxford.ttleagues.com,Website,ttleagues,https://oxford.ttleagues.com,ready,Oxford Winter 2025/26,3,9,Verified against the live TT Leagues competitions and divisions APIs.
England,Shropshire,Oswestry Table Tennis League,https://www.tabletennisengland.co.uk/leagues/,https://oswestry.ttleagues.com,Website,ttleagues,https://oswestry.ttleagues.com,ready,Nexa Law Oswestry & District TTL 2025-2026,2,11,Verified against the live TT Leagues competitions and divisions APIs.
England,Shropshire,Shrewsbury Table Tennis League,https://www.tabletennisengland.co.uk/leagues/,https://www.tabletennis365.com/shrewsbury,Website,tt365,https://www.tabletennis365.com/shrewsbury,ready,Winter 2025-2026,3,7,Verified against the live TT365 tables and archive pages.
England,Shropshire,Telford Table Tennis League,https://www.tabletennisengland.co.uk/leagues/,https://www.tabletennis365.com/telford,Website,tt365,https://www.tabletennis365.com/telford,ready,Winter 2025-2026,2,7,Verified against the live TT365 tables and archive pages.
England,Somerset,Bridgwater Table Tennis League,https://www.tabletennisengland.co.uk/leagues/,https://bridgwater.ttleagues.com,Website,ttleagues,https://bridgwater.ttleagues.com,ready,Bridgwater & District Table Tennis League 2025-26,3,11,Verified against the live TT Leagues competitions and divisions APIs.
England,Somerset,Mendip Table Tennis League,https://www.tabletennisengland.co.uk/leagues/,https://mendip.ttleagues.com,Website,ttleagues,https://mendip.ttleagues.com,ready,MTTL Winter League '25-26,3,19,Verified against the live TT Leagues competitions and divisions APIs.
England,Somerset,West Somerset Table Tennis League,https://www.tabletennisengland.co.uk/leagues/,https://westsomerset.ttleagues.com,Website,ttleagues,https://westsomerset.ttleagues.com,ready,Winter League 2025/2026,2,3,Verified against the live TT Leagues competitions and divisions APIs.
England,Somerset,Yeovil & District Table Tennis League,https://www.tabletennisengland.co.uk/leagues/,https://yeovildistrict.ttleagues.com,Website,ttleagues,https://yeovildistrict.ttleagues.com,ready,Yeovil & District TT League 2022-23,3,10,Verified against the live TT Leagues competitions and divisions APIs.
England,Staffordshire,Potteries Table Tennis League,https://www.tabletennisengland.co.uk/leagues/,https://potteries.ttleagues.com,Website,ttleagues,https://potteries.ttleagues.com,ready,Potteries & District Winter League 2025-26,3,14,Verified against the live TT Leagues competitions and divisions APIs.
England,Staffordshire,Stafford Table Tennis League,https://www.tabletennisengland.co.uk/leagues/,https://stafford.ttleagues.com,Website,ttleagues,https://stafford.ttleagues.com,ready,Stafford TTA 2021-22,2,13,Verified against the live TT Leagues competitions and divisions APIs.
England,Staffordshire,Stone Table Tennis League,https://www.tabletennisengland.co.uk/leagues/,https://stone.ttleagues.com,Website,ttleagues,https://stone.ttleagues.com,ready,STONE LEAGUE 25/26,1,11,Verified against the live TT Leagues competitions and divisions APIs.
England,Staffordshire,Tamworth Table Tennis League,https://www.tabletennisengland.co.uk/leagues/,https://tamworth.ttleagues.com,Website,ttleagues,https://tamworth.ttleagues.com,ready,Tamworth League 2025-2026,3,6,Verified against the live TT Leagues competitions and divisions APIs.
England,Staffordshire,Walsall Table Tennis League,https://www.tabletennisengland.co.uk/leagues/,https://walsall.ttleagues.com,Website,ttleagues,https://walsall.ttleagues.com,ready,Winter 2025-26,3,2,Verified against the live TT Leagues competitions and divisions APIs.
England,Staffordshire,Wolverhampton & District Table Tennis Association,https://www.tabletennisengland.co.uk/leagues/,https://www.tabletennis365.com/wolverhampton,Website,tt365,https://www.tabletennis365.com/wolverhampton,ready,League Cup 2025-2026,6,8,Verified against the live TT365 tables and archive pages.
England,Suffolk,Bury St Edmunds Table Tennis League,https://www.tabletennisengland.co.uk/leagues/,https://burystedmunds.ttleagues.com,Website,ttleagues,https://burystedmunds.ttleagues.com,ready,2025-26 Season,3,9,Verified against the live TT Leagues competitions and divisions APIs.
England,Suffolk,Ipswich Table Tennis League,https://www.tabletennisengland.co.uk/leagues/,http://www.idttl.net,Website,custom,http://www.idttl.net,unsupported_platform,,,,Official link points to a custom website rather than TT365 or TT Leagues.
England,Suffolk,Lowestoft Table Tennis League,https://www.tabletennisengland.co.uk/leagues/,https://ldttl.org.uk,Website,custom,https://ldttl.org.uk,unsupported_platform,,,,Official link points to a custom website rather than TT365 or TT Leagues.
England,Suffolk,Suffolk and Cambs Junior Table Tennis League,https://www.tabletennisengland.co.uk/leagues/,https://suffolkandcambsjunior.ttleagues.com,Website,ttleagues,https://suffolkandcambsjunior.ttleagues.com,ready,SCBJTTL 2019-20,2,1,Verified against the live TT Leagues competitions and divisions APIs.
England,Surrey,Croydon Table Tennis League,https://www.tabletennisengland.co.uk/leagues/,https://www.tabletennis365.com/croydon,Website,tt365,https://www.tabletennis365.com/croydon,ready,Croydon Winter League 2025-2026,3,7,Verified against the live TT365 tables and archive pages.
England,Surrey,Guildford Table Tennis League,https://www.tabletennisengland.co.uk/leagues/,https://guildford.ttleagues.com,Website,ttleagues,https://guildford.ttleagues.com,ready,Season 2025/2026,5,11,Verified against the live TT Leagues competitions and divisions APIs.
England,Surrey,Haslemere Table Tennis League,https://www.tabletennisengland.co.uk/leagues/,https://haslemere.ttleagues.com,Website,ttleagues,https://haslemere.ttleagues.com,ready,23/24 WINTER LEAGUE,3,11,Verified against the live TT Leagues competitions and divisions APIs.
England,Surrey,Reigate and Redhill Table Tennis League,https://www.tabletennisengland.co.uk/leagues/,https://reigateandredhill.ttleagues.com,Website,ttleagues,https://reigateandredhill.ttleagues.com,ready,Reigate and Redhill 2019-20,4,13,Verified against the live TT Leagues competitions and divisions APIs.
England,Surrey,Sutton Table Tennis League,https://www.tabletennisengland.co.uk/leagues/,http://www.sdttl.co.uk,Website,custom,http://www.sdttl.co.uk,unsupported_platform,,,,Official link points to a custom website rather than TT365 or TT Leagues.
England,Surrey,Thames Valley Table Tennis League,https://www.tabletennisengland.co.uk/leagues/,https://thamesvalley.ttleagues.com,Website,ttleagues,https://thamesvalley.ttleagues.com,ready,2025-26 Season,3,10,Verified against the live TT Leagues competitions and divisions APIs.
England,Surrey,Wandsworth & District Table Tennis League,https://www.tabletennisengland.co.uk/leagues/,https://wandsworthdistrict.ttleagues.com,Website,ttleagues,https://wandsworthdistrict.ttleagues.com,ready,IMS 2023/24,4,28,Verified against the live TT Leagues competitions and divisions APIs.
England,Sussex,Brighton Table Tennis League,https://www.tabletennisengland.co.uk/leagues/,https://brighton.ttleagues.com,Website,ttleagues,https://brighton.ttleagues.com,ready,Brighton League Season 2019/2020,4,21,Verified against the live TT Leagues competitions and divisions APIs.
England,Sussex,Crawley and Horsham Table Tennis League,https://www.tabletennisengland.co.uk/leagues/,https://crawleyandhorsham.ttleagues.com,Website,ttleagues,https://crawleyandhorsham.ttleagues.com,ready,Crawley & Horsham Winter League 2025/26,3,12,Verified against the live TT Leagues competitions and divisions APIs.
England,Sussex,East Grinstead Table Tennis League,https://www.tabletennisengland.co.uk/leagues/,https://eastgrinstead.ttleagues.com,Website,ttleagues,https://eastgrinstead.ttleagues.com,ready,EG&DTTL Winter 2025-26,2,12,Verified against the live TT Leagues competitions and divisions APIs.
England,Sussex,Eastbourne Table Tennis League,https://www.tabletennisengland.co.uk/leagues/,https://eastbourne.ttleagues.com,Website,ttleagues,https://eastbourne.ttleagues.com,ready,Eastbourne TTL 2025-26 Season,3,10,Verified against the live TT Leagues competitions and divisions APIs.
England,Sussex,Hastings Table Tennis League,https://www.tabletennisengland.co.uk/leagues/,https://www.tabletennis365.com/hastings,Website,tt365,https://www.tabletennis365.com/hastings,ready,Senior 2025-26,4,8,Verified against the live TT365 tables and archive pages.
England,Sussex,Haywards Heath Table Tennis League,https://www.tabletennisengland.co.uk/leagues/,https://www.tabletennis365.com/HaywardsHeath,Website,tt365,https://www.tabletennis365.com/HaywardsHeath,ready,Winter 2021-22,2,7,Verified against the live TT365 tables and archive pages.
England,Sussex,Rother Junior TTL,https://www.tabletennisengland.co.uk/leagues/,https://tabletennisrother.co.uk,Website,custom,https://tabletennisrother.co.uk,unsupported_platform,,,,Official link points to a custom website rather than TT365 or TT Leagues.
England,Sussex,South West Sussex Table Tennis League,https://www.tabletennisengland.co.uk/leagues/,http://www.swsttl.org.uk,Website,custom,http://www.swsttl.org.uk,unsupported_platform,,,,Official link points to a custom website rather than TT365 or TT Leagues.
England,Sussex,Sussex County Table Tennis Association,https://www.tabletennisengland.co.uk/leagues/,http://www.sctta.org.uk,Website,custom,http://www.sctta.org.uk,unsupported_platform,,,,Official link points to a custom website rather than TT365 or TT Leagues.
England,Sussex,Worthing Table Tennis League,https://www.tabletennisengland.co.uk/leagues/,https://worthing.ttleagues.com,Website,ttleagues,https://worthing.ttleagues.com,ready,Worthing Winter League 2025-2026,4,7,Verified against the live TT Leagues competitions and divisions APIs.
England,Warwickshire,Birmingham Solihull & District Table Tennis Association,https://www.tabletennisengland.co.uk/leagues/,https://birminghamdistrict.ttleagues.com,Website,ttleagues,https://birminghamdistrict.ttleagues.com,ready,Winter League 2021-22,5,18,Verified against the live TT Leagues competitions and divisions APIs.
England,Warwickshire,Coventry Table Tennis League,https://www.tabletennisengland.co.uk/leagues/,https://coventry.ttleagues.com,Website,ttleagues,https://coventry.ttleagues.com,ready,Winter 25/26,6,23,Verified against the live TT Leagues competitions and divisions APIs.
England,Warwickshire,Leamington Table Tennis League,https://www.tabletennisengland.co.uk/leagues/,https://leamington.ttleagues.com,Website,ttleagues,https://leamington.ttleagues.com,ready,Leamington Interim 2 a side League - Autumn 2020,6,32,Verified against the live TT Leagues competitions and divisions APIs.
England,Warwickshire,Nuneaton Table Tennis League,https://www.tabletennisengland.co.uk/leagues/,https://nuneaton.ttleagues.com,Website,ttleagues,https://nuneaton.ttleagues.com,ready,Nuneaton Winter League 2025/26,3,10,Verified against the live TT Leagues competitions and divisions APIs.
England,Warwickshire,Stratford-upon-Avon Table Tennis League,https://www.tabletennisengland.co.uk/leagues/,https://www.tabletennis365.com/stratford-upon-avon,Website,tt365,https://www.tabletennis365.com/stratford-upon-avon,inactive_or_unverified,,,,Website: No current TT365 divisions were found
England,Wiltshire,Devizes Table Tennis League,https://www.tabletennisengland.co.uk/leagues/,https://devizes.ttleagues.com,Website,ttleagues,https://devizes.ttleagues.com,ready,2025-2026,3,14,Verified against the live TT Leagues competitions and divisions APIs.
England,Wiltshire,Salisbury Table Tennis League,https://www.tabletennisengland.co.uk/leagues/,https://salisbury.ttleagues.com,Website,ttleagues,https://salisbury.ttleagues.com,inactive_or_unverified,,,,Website: HTTP 500 Internal Server Error for https://ttleagues-api.azurewebsites.net/api/competitions/archives
England,Wiltshire,Swindon Table Tennis League,https://www.tabletennisengland.co.uk/leagues/,https://swindon.ttleagues.com,Website,ttleagues,https://swindon.ttleagues.com,ready,Pickett Handicap 2024-25: Round 1 Groups,3,19,Verified against the live TT Leagues competitions and divisions APIs.
England,Wiltshire,West Wilts Table Tennis League,https://www.tabletennisengland.co.uk/leagues/,https://westwilts.ttleagues.com,Website,ttleagues,https://westwilts.ttleagues.com,ready,Winter 2023/24,4,12,Verified against the live TT Leagues competitions and divisions APIs.
England,Worcestershire,Bromsgrove Redditch & District Table Tennis League,https://www.tabletennisengland.co.uk/leagues/,https://bromsgroveredditchdistrict.ttleagues.com,Website,ttleagues,https://bromsgroveredditchdistrict.ttleagues.com,ready,2025/2026 Winter League,3,9,Verified against the live TT Leagues competitions and divisions APIs.
England,Worcestershire,Dudley Table Tennis League,https://www.tabletennisengland.co.uk/leagues/,https://dudley.ttleagues.com,Website,ttleagues,https://dudley.ttleagues.com,ready,Winter 2025-26,2,7,Verified against the live TT Leagues competitions and divisions APIs.
England,Worcestershire,Evesham Table Tennis League,https://www.tabletennisengland.co.uk/leagues/,https://evesham.ttleagues.com,Website,ttleagues,https://evesham.ttleagues.com,ready,Evesham 2025-26,2,13,Verified against the live TT Leagues competitions and divisions APIs.
England,Worcestershire,Kidderminster & District Table Tennis League,https://www.tabletennisengland.co.uk/leagues/,https://www.tabletennis365.com/kidderminster,Website,tt365,https://www.tabletennis365.com/kidderminster,ready,Winter 2025-26,3,7,Verified against the live TT365 tables and archive pages.
England,Worcestershire,Malvern Table Tennis League,https://www.tabletennisengland.co.uk/leagues/,https://malvern.ttleagues.com,Website,ttleagues,https://malvern.ttleagues.com,ready,Malvern 2021 - 22,3,11,Verified against the live TT Leagues competitions and divisions APIs.
England,Worcestershire,Worcester Table Tennis League,https://www.tabletennisengland.co.uk/leagues/,https://worcester.ttleagues.com,Website,ttleagues,https://worcester.ttleagues.com,ready,League 2025/26,4,12,Verified against the live TT Leagues competitions and divisions APIs.
England,Yorkshire,Barnsley Table Tennis League,https://www.tabletennisengland.co.uk/leagues/,https://barnsley.ttleagues.com,Website,ttleagues,https://barnsley.ttleagues.com,ready,Barnsley Winter League 2025/26,1,9,Verified against the live TT Leagues competitions and divisions APIs.
England,Yorkshire,Bradford Table Tennis League,https://www.tabletennisengland.co.uk/leagues/,https://bradford.ttleagues.com,Website,ttleagues,https://bradford.ttleagues.com,ready,winter 24/25,4,16,Verified against the live TT Leagues competitions and divisions APIs.
England,Yorkshire,Castleford and Pontefract Table Tennis League,https://www.tabletennisengland.co.uk/leagues/,https://castlefordandpontefract.ttleagues.com,Website,ttleagues,https://castlefordandpontefract.ttleagues.com,ready,Winter 25-26,2,6,Verified against the live TT Leagues competitions and divisions APIs.
England,Yorkshire,Dewsbury Table Tennis League,https://www.tabletennisengland.co.uk/leagues/,https://dewsbury.ttleagues.com,Website,ttleagues,https://dewsbury.ttleagues.com,ready,Dewsbury Table Tennis League,2,1,Verified against the live TT Leagues competitions and divisions APIs.
England,Yorkshire,Doncaster Table Tennis League,https://www.tabletennisengland.co.uk/leagues/,https://doncaster.ttleagues.com,Website,ttleagues,https://doncaster.ttleagues.com,ready,Doncaster 2025-2026,1,11,Verified against the live TT Leagues competitions and divisions APIs.
England,Yorkshire,Halifax Table Tennis League,https://www.tabletennisengland.co.uk/leagues/,https://www.tabletennis365.com/halifax,Website,tt365,https://www.tabletennis365.com/halifax,ready,Winter League 25-26,3,7,Verified against the live TT365 tables and archive pages.
England,Yorkshire,Harrogate Table Tennis League,https://www.tabletennisengland.co.uk/leagues/,https://www.tabletennis365.com/harrogate,Website,tt365,https://www.tabletennis365.com/harrogate,ready,Winter 2025-26,5,7,Verified against the live TT365 tables and archive pages.
England,Yorkshire,Huddersfield Table Tennis League,https://www.tabletennisengland.co.uk/leagues/,http://www.huddersfieldtabletennisleague.co.uk,Website,custom,http://www.huddersfieldtabletennisleague.co.uk,unsupported_platform,,,,Official link points to a custom website rather than TT365 or TT Leagues.
England,Yorkshire,Hull Table Tennis League,https://www.tabletennisengland.co.uk/leagues/,https://www.tabletennis365.com/hull,Website,tt365,https://www.tabletennis365.com/hull,ready,2025-26,4,7,Verified against the live TT365 tables and archive pages.
England,Yorkshire,Keighley Table Tennis League,https://www.tabletennisengland.co.uk/leagues/,https://keighley.ttleagues.com,Website,ttleagues,https://keighley.ttleagues.com,ready,Winter League 2025/2026,3,2,Verified against the live TT Leagues competitions and divisions APIs.
England,Yorkshire,Leeds Table Tennis League,https://www.tabletennisengland.co.uk/leagues/,https://leeds.ttleagues.com,Website,ttleagues,https://leeds.ttleagues.com,ready,Divisional Knock Out Competition 2025/2026 ,7,12,Verified against the live TT Leagues competitions and divisions APIs.
England,Yorkshire,Northallerton Table Tennis League,https://www.tabletennisengland.co.uk/leagues/,https://northallerton.ttleagues.com,Website,ttleagues,https://northallerton.ttleagues.com,inactive_or_unverified,,,,Website: No active TT Leagues competitions were found
England,Yorkshire,Rotherham Table Tennis League,https://www.tabletennisengland.co.uk/leagues/,https://tabletennis365.com/rotherham,Website,tt365,https://tabletennis365.com/rotherham,ready,Winter 2025-26,3,7,Verified against the live TT365 tables and archive pages.
England,Yorkshire,Ryedale Table Tennis League,https://www.tabletennisengland.co.uk/leagues/,https://www.tabletennis365.com/ryedale,Website,tt365,https://www.tabletennis365.com/ryedale,inactive_or_unverified,,,,Website: No current TT365 divisions were found
England,Yorkshire,Scarborough Table Tennis League,https://www.tabletennisengland.co.uk/leagues/,https://scarborough.ttleagues.com,Website,ttleagues,https://scarborough.ttleagues.com,ready,2025/26,3,9,Verified against the live TT Leagues competitions and divisions APIs.
England,Yorkshire,Selby Table Tennis League,https://www.tabletennisengland.co.uk/leagues/,https://selby.ttleagues.com,Website,ttleagues,https://selby.ttleagues.com,ready,Selby Table Tennis League 25/26,2,14,Verified against the live TT Leagues competitions and divisions APIs.
England,Yorkshire,Sheffield Table Tennis League,https://www.tabletennisengland.co.uk/leagues/,https://www.tabletennis365.com/Sheffield,Website,tt365,https://www.tabletennis365.com/Sheffield,inactive_or_unverified,,,,Website: No current TT365 divisions were found
England,Yorkshire,Wakefield Table Tennis League,https://www.tabletennisengland.co.uk/leagues/,https://wakefield.ttleagues.com,Website,ttleagues,https://wakefield.ttleagues.com,ready,Division 1 2020,2,2,Verified against the live TT Leagues competitions and divisions APIs.
England,Yorkshire,York Table Tennis League,https://www.tabletennisengland.co.uk/leagues/,https://york.ttleagues.com,Website,ttleagues,https://york.ttleagues.com,ready,Winter 2024-25,5,14,Verified against the live TT Leagues competitions and divisions APIs.
Northern Ireland,Belfast,Belfast and District Table Tennis League,https://tabletennisulster.com/leagues/,,,unpublished,,no_public_results_url,,5,,"Table Tennis Ulster says results are uploaded via the app or website, but no public results URL is published."
Northern Ireland,County Antrim,County Antrim League,https://tabletennisulster.com/leagues/,,,unpublished,,no_public_results_url,,2,,Official Table Tennis Ulster page lists the league but does not publish a results URL.
Northern Ireland,County Down,East Down Churches League,https://tabletennisulster.com/leagues/,,,unpublished,,no_public_results_url,,2,,Official Table Tennis Ulster page lists the league but does not publish a results URL.
Northern Ireland,County Down,Lecale League,https://tabletennisulster.com/leagues/,,,unpublished,,no_public_results_url,,2,,Official Table Tennis Ulster page lists the league but does not publish a results URL.
Northern Ireland,Fermanagh,Fermanagh League,https://tabletennisulster.com/leagues/,,,unpublished,,no_public_results_url,,,,Official Table Tennis Ulster page lists the league but does not publish a results URL or divisions count.
Northern Ireland,Northern Ireland,Greystone League,https://tabletennisulster.com/leagues/,,,unpublished,,no_public_results_url,,,,Official Table Tennis Ulster page lists the league but does not publish a results URL or divisions count.
Scotland,Aberdeen,Aberdeen & District Table Tennis Association,https://www.tabletennis365.com/Sites,https://www.tabletennis365.com/Aberdeen,Website,tt365,https://www.tabletennis365.com/Aberdeen,inactive_or_unverified,,,,Website: No current TT365 divisions were found
Scotland,Dumfries and Galloway,Dumfries Table Tennis League,https://www.tabletennis365.com/Sites,https://www.tabletennis365.com/Dumfries,Website,tt365,https://www.tabletennis365.com/Dumfries,ready,Winter 2024-25,2,7,Verified against the live TT365 tables and archive pages.
Scotland,Dundee,Dundee & District Table Tennis League,https://www.tabletennis365.com/Sites,https://www.tabletennis365.com/dundee,Website,tt365,https://www.tabletennis365.com/dundee,inactive_or_unverified,,,,Website: No current TT365 divisions were found
Scotland,Edinburgh,Edinburgh & Lothians Table Tennis League,https://www.edinburghtabletennis.com/,https://www.edinburghtabletennis.com/,Website,custom,https://www.edinburghtabletennis.com/,unsupported_platform,,,,Public results are on a custom site rather than TT365 or TT Leagues.
Scotland,Perth and Kinross,Perth Table Tennis Association,https://www.tabletennis365.com/Sites,https://www.tabletennis365.com/Perth,Website,tt365,https://www.tabletennis365.com/Perth,ready,Perth 2025 - 26,2,7,Verified against the live TT365 tables and archive pages.
Scotland,Stirling,Stirlingshire & Midland Counties Table Tennis League,https://www.tabletennis365.com/Sites,https://www.tabletennis365.com/SMC,Website,tt365,https://www.tabletennis365.com/SMC,inactive_or_unverified,,,,Website: No current TT365 divisions were found
Scotland,West of Scotland,West of Scotland Table Tennis League,https://www.tabletennis365.com/Sites,https://www.tabletennis365.com/WestofScotland,Website,tt365,https://www.tabletennis365.com/WestofScotland,ready,Senior 2024-25,5,8,Verified against the live TT365 tables and archive pages.
Wales,Cardiff,Cardiff & District Table Tennis League,https://tabletennis.wales/tt-leagues/,https://www.tabletennis365.com/Cardiff,Website,tt365,https://www.tabletennis365.com/Cardiff,ready,Tiered 2025-26,3,7,Verified against the live TT365 tables and archive pages.
Wales,Conwy,Llandudno Table Tennis League,https://tabletennis.wales/tt-leagues/,https://www.tabletennis365.com/Llandudno,Website,tt365,https://www.tabletennis365.com/Llandudno,ready,Llandudno 2024-25,2,7,Verified against the live TT365 tables and archive pages.
Wales,Flintshire,East Flintshire League,https://tabletennis.wales/tt-leagues/,https://eastflintshire.ttleagues.com,Website,ttleagues,https://eastflintshire.ttleagues.com,ready,EFTTL League 25/26 Season,4,14,Verified against the live TT Leagues competitions and divisions APIs.
Wales,Gwent,Gwent Table Tennis League,https://tabletennis.wales/tt-leagues/,https://www.tabletennis365.com/GwentTTC,Website,tt365,https://www.tabletennis365.com/GwentTTC,ready,Winter 2025 -2026,3,7,Verified against the live TT365 tables and archive pages.
Wales,Pembrokeshire,Pembrokeshire Table Tennis League,https://tabletennis.wales/tt-leagues/,https://pembrokeshireleague.ttleagues.com,Website,ttleagues,https://pembrokeshireleague.ttleagues.com,ready,Pembrokeshire League 25/26 Season,3,3,Verified against the live TT Leagues competitions and divisions APIs.
Wales,Swansea,Swansea League,https://tabletennis.wales/tt-leagues/,http://swanseatabletennis.com,Website,custom,http://swanseatabletennis.com,unsupported_platform,,,,Official link points to a custom website rather than TT365 or TT Leagues.
Wales,Wrexham,Wrexham League,https://tabletennis.wales/tt-leagues/,,,unknown,,no_public_results_url,,,,Listed by Table Tennis Wales without a published results link.
